prediction;test_price
28.39;28.78
28.76;28.81
28.96;28.14
28.88;28.2
28.49;28.74
28.51;29.0
28.5;28.63
28.88;28.29
28.94;28.28
28.63;28.16
28.57;27.78
28.65;27.72
28.22;27.16
28.11;27.18
27.69;26.64
27.61;26.31
27.15;26.76
26.66;26.45
26.91;26.48
26.86;26.04
26.85;26.02
26.54;25.1
26.46;24.87
25.75;24.53
25.36;24.88
24.95;25.5
25.14;25.02
25.46;25.62
25.23;25.12
25.59;25.66
25.41;26.03
25.6;26.75
26.11;26.96
26.61;26.23
26.84;27.48
26.49;27.67
27.13;28.02
27.32;27.85
27.72;27.94
27.89;28.6
27.85;28.19
28.27;28.34
28.31;28.08
28.24;28.42
28.08;28.15
28.45;28.41
28.3;28.69
28.24;28.69
28.46;28.88
28.6;28.39
28.92;28.27
28.6;28.27
28.55;27.8
28.68;27.6
28.39;27.26
28.06;26.83
27.66;26.57
27.32;27.21
26.94;27.4
27.1;27.33
27.44;26.85
27.49;26.57
27.05;27.67
26.76;27.25
27.43;27.83
27.34;27.95
27.76;27.99
27.87;27.71
27.88;27.37
27.72;27.04
27.48;27.37
27.07;27.84
27.12;27.53
27.56;27.51
27.56;27.25
27.48;27.5
27.46;27.1
27.52;26.91
27.3;27.35
27.28;26.33
27.46;26.21
26.93;26.11
26.74;26.45
26.6;26.85
26.72;27.33
27.11;27.44
27.6;27.3
28.0;27.6
27.81;27.86
28.02;28.23
28.16;28.29
28.32;28.58
28.44;28.29
28.66;29.05
28.53;29.22
29.02;29.04
29.27;29.42
29.19;30.27
29.4;30.15
30.12;29.92
30.13;30.33
29.97;29.95
30.06;30.36
29.93;30.52
30.07;30.45
30.2;30.29
30.29;29.74
30.3;29.36
29.75;29.32
29.48;28.99
29.3;29.35
29.17;29.54
29.35;29.49
29.5;29.31
29.61;29.05
29.49;28.95
29.37;29.97
29.16;30.09
29.89;28.8
30.23;28.95
29.43;29.51
29.32;29.02
29.67;29.0
29.53;29.6
29.4;29.36
29.92;28.88
29.76;28.74
29.44;28.69
29.22;27.86
29.04;28.26
28.47;28.11
28.5;28.34
28.55;27.51
28.62;27.54
28.21;27.22
27.99;27.09
27.6;26.79
27.48;26.96
27.2;26.24
27.25;26.13
26.7;25.77
26.33;25.82
26.05;25.47
25.84;25.39
25.64;25.67
25.68;26.55
25.85;27.22
26.4;26.96
27.05;26.6
27.08;26.53
26.74;27.17
26.51;27.06
26.97;27.13
27.04;26.61
27.06;26.97
26.85;27.63
26.93;26.48
27.29;26.24
26.9;26.49
26.6;27.31
26.64;27.41
27.25;26.97
27.63;27.94
27.11;28.61
27.75;28.06
28.43;27.69
28.14;28.2
27.92;28.35
28.15;27.99
28.43;27.7
28.05;27.76
27.91;27.77
27.91;28.09
27.74;27.57
28.08;27.66
27.72;27.71
27.67;28.43
27.76;28.22
28.22;28.3
28.27;28.36
28.38;27.51
28.35;27.36
27.82;28.72
27.46;28.29
28.37;28.59
28.44;28.74
28.74;29.01
28.9;28.23
29.04;28.36
28.47;28.08
28.38;29.17
28.27;30.0
28.97;28.71
29.78;28.38
29.1;27.72
28.59;28.33
28.1;28.57
28.47;25.94
28.8;26.77
27.2;26.76
27.1;26.14
27.09;25.77
26.52;24.65
26.18;23.18
25.27;22.4
24.11;20.76
23.17;20.1
21.91;23.31
20.85;22.4
22.79;20.39
23.01;21.17
21.72;21.59
21.57;23.16
21.86;22.08
23.07;20.11
22.78;20.41
21.28;19.72
20.88;18.64
20.3;20.86
19.47;20.91
20.34;22.1
21.01;22.6
21.86;21.84
22.44;22.7
22.1;21.14
22.43;19.9
21.84;20.38
20.71;19.26
20.45;19.0
19.91;17.59
19.67;18.89
18.35;18.39
19.05;17.22
18.95;18.03
18.24;17.4
18.65;16.34
18.12;18.42
17.54;19.37
18.72;19.22
19.34;19.63
19.6;19.65
20.06;17.74
19.94;18.72
19.01;19.14
19.28;19.01
19.38;19.86
19.7;21.74
20.1;20.53
21.47;20.68
21.23;20.21
20.76;20.02
20.42;20.16
20.13;21.06
20.12;20.88
20.85;20.21
20.85;19.86
20.34;19.42
20.18;19.35
20.0;19.47
19.93;19.64
20.05;19.01
19.76;19.9
19.59;20.09
19.79;21.18
20.0;20.81
21.0;21.53
20.91;20.52
21.38;20.28
21.11;19.75
20.74;19.36
20.36;18.77
19.99;18.42
19.61;18.91
18.99;19.0
19.22;17.92
19.71;18.8
18.93;18.57
19.16;18.25
19.3;18.47
18.95;18.82
18.77;19.73
19.01;18.82
19.95;18.31
19.64;17.89
18.96;18.26
18.67;16.82
18.42;16.57
17.77;17.22
17.52;17.21
17.56;16.61
17.57;16.38
17.29;16.67
17.0;16.4
16.91;15.8
17.01;15.61
16.64;15.66
16.13;15.52
16.11;15.03
15.92;15.87
15.68;15.37
15.98;14.93
16.08;14.85
15.74;14.21
15.52;14.49
15.28;15.0
15.25;14.16
15.48;14.02
15.25;13.8
14.83;14.71
14.33;14.69
15.21;15.43
15.25;15.17
15.67;15.24
15.6;15.78
15.74;16.04
16.03;15.67
16.28;15.45
16.2;16.75
15.8;16.19
16.58;16.41
16.72;16.88
16.51;16.46
16.84;15.81
16.71;16.08
16.29;16.64
16.09;17.89
16.63;17.71
17.62;17.37
17.93;16.93
17.79;17.14
16.86;17.6
16.86;17.29
17.55;16.84
17.54;17.47
17.14;18.16
17.62;18.05
18.31;17.19
18.28;17.24
17.45;17.18
17.33;17.38
17.54;17.94
17.42;17.48
17.88;17.28
17.84;18.6
17.84;19.39
18.91;19.43
19.33;20.24
19.58;20.5
20.39;22.91
20.74;22.43
22.12;22.54
22.44;21.88
22.63;21.53
22.13;20.9
21.44;20.79
20.86;20.73
20.86;21.44
20.85;21.09
21.03;20.85
21.25;20.57
21.28;20.99
21.02;21.73
21.15;21.14
21.62;21.24
21.61;21.45
21.36;22.16
21.5;22.25
21.96;22.21
22.44;22.26
22.56;22.09
22.61;22.43
22.61;22.43
22.81;22.22
23.07;22.34
22.6;22.19
22.55;21.47
22.67;20.8
21.9;20.97
21.51;21.0
21.36;20.83
21.25;20.06
21.19;20.26
20.78;20.28
20.47;20.85
20.44;20.75
20.96;20.95
20.75;20.66
20.94;20.76
21.02;20.22
21.02;20.44
20.85;19.95
20.61;19.69
20.47;19.95
20.13;19.84
20.29;20.1
20.02;20.46
20.14;21.32
20.62;21.95
21.42;21.7
21.82;22.46
22.16;22.31
22.66;22.47
22.54;23.73
22.4;23.54
23.3;23.42
23.6;23.35
23.74;22.92
23.68;23.22
23.41;22.24
23.18;22.6
22.91;22.7
22.88;22.38
23.01;22.46
23.04;23.63
22.65;23.41
23.34;22.93
23.46;23.22
23.59;23.25
23.49;22.9
23.34;22.22
23.45;22.31
22.89;22.56
22.34;22.92
22.68;23.72
23.01;23.73
23.74;23.79
23.72;23.91
23.6;23.92
24.08;23.77
24.09;23.06
23.9;22.74
23.46;22.49
23.0;22.53
22.89;22.93
22.7;23.27
22.86;23.86
23.45;25.11
23.91;25.16
24.87;24.86
24.97;25.05
25.03;25.12
25.11;25.2
25.22;25.18
25.13;24.79
25.19;25.13
24.84;24.86
25.22;24.77
25.25;24.46
25.04;25.0
24.79;24.74
25.28;24.31
25.08;24.23
24.79;24.09
24.55;24.5
24.34;24.95
24.56;24.94
24.69;25.39
24.83;25.36
25.42;25.36
25.47;25.16
25.48;25.6
25.62;25.88
25.96;26.03
26.07;26.45
26.17;25.99
26.5;25.88
26.0;26.07
25.82;25.58
25.8;25.37
25.54;24.94
25.46;24.12
25.35;24.92
24.68;24.23
25.1;24.27
24.62;24.46
24.6;24.82
24.51;25.68
24.87;25.29
25.64;25.68
25.63;25.78
25.76;25.93
26.16;25.72
26.09;26.95
26.19;27.18
26.89;27.33
27.76;27.16
27.92;26.75
27.66;26.57
27.38;26.99
27.1;26.77
27.21;27.1
27.1;26.87
27.31;26.76
27.35;27.21
27.32;27.26
27.53;26.86
27.81;27.31
27.56;27.45
27.83;27.17
27.96;27.18
27.9;28.03
27.84;28.39
28.48;28.51
28.71;28.82
28.92;29.05
29.27;28.6
29.48;28.62
29.26;29.02
29.2;28.94
29.28;29.05
29.49;28.92
29.3;28.58
29.33;29.0
29.01;28.91
29.28;28.88
29.34;28.72
29.44;28.65
29.19;28.5
29.32;28.51
29.1;28.55
28.97;28.09
28.74;27.6
28.48;28.03
28.14;27.78
28.24;27.41
28.16;27.77
27.84;27.94
28.03;27.42
28.18;26.85
28.03;26.8
27.7;26.57
27.5;26.26
27.06;26.29
26.83;26.47
26.7;26.44
26.96;26.85
26.9;27.54
27.16;26.57
27.77;26.46
27.04;26.4
26.79;26.73
26.62;26.9
26.65;27.01
26.85;26.93
26.82;27.29
26.77;27.64
27.02;27.78
27.43;27.97
27.79;27.87
27.77;27.69
27.88;28.11
27.78;28.09
27.99;27.98
28.03;28.25
28.09;28.55
28.3;28.34
28.38;29.17
28.09;29.75
28.76;29.73
29.34;29.83
29.44;29.85
29.47;30.28
29.4;30.17
29.69;30.2
29.95;30.23
30.2;30.23
30.05;30.26
29.92;30.13
29.99;30.41
30.0;30.46
30.14;30.8
30.41;31.43
30.75;31.63
31.16;31.49
31.58;31.44
31.53;31.27
31.28;31.84
31.25;31.54
31.48;31.77
31.16;31.63
31.16;31.95
31.37;32.44
31.69;32.15
32.29;32.1
32.33;32.42
32.19;32.6
32.4;32.09
32.63;32.4
32.31;32.73
32.38;32.75
32.64;32.94
32.76;32.95
32.94;33.18
33.22;32.53
33.56;32.5
33.22;33.34
33.09;33.0
33.37;33.64
33.2;32.77
33.64;31.65
33.18;30.46
32.06;29.92
31.02;31.61
30.44;32.03
31.44;31.46
32.23;31.12
32.21;30.51
31.87;30.63
31.3;30.21
31.13;29.91
30.85;28.65
30.39;29.44
29.63;29.09
29.71;28.95
29.42;29.62
29.33;30.78
29.76;29.93
30.78;29.85
30.37;31.12
29.97;31.09
30.64;30.17
30.99;29.59
30.43;29.69
30.03;29.5
29.82;30.55
29.68;30.67
30.32;30.39
30.54;31.34
30.46;31.16
31.0;31.41
31.12;31.48
31.27;31.4
31.32;30.77
31.44;30.76
31.13;30.09
30.79;29.99
30.46;29.75
30.24;28.93
29.94;28.21
29.36;28.2
28.7;28.11
28.47;28.41
28.6;29.68
28.87;29.86
29.79;30.23
30.03;30.25
30.38;30.86
30.31;30.67
30.67;30.5
30.77;29.58
30.67;29.83
29.91;29.91
29.81;29.39
30.13;30.09
29.81;30.57
29.9;30.81
30.25;30.7
30.29;30.49
30.24;30.19
29.87;30.17
29.87;30.88
29.83;30.64
30.24;31.2
30.56;31.33
31.06;31.35
31.33;31.49
31.43;31.61
31.54;30.65
31.38;30.44
30.8;30.17
30.57;30.15
30.4;30.24
30.08;30.37
30.25;29.73
30.47;29.6
29.93;29.49
29.75;28.79
29.68;28.76
29.16;28.61
29.03;29.36
28.77;28.97
29.23;29.14
29.17;30.01
29.35;30.37
29.99;31.05
30.29;30.31
30.71;30.31
30.36;30.52
30.16;30.59
30.27;30.69
30.2;30.5
30.39;30.64
30.31;30.6
30.47;30.95
30.61;31.26
30.78;30.9
30.73;30.44
30.39;29.66
30.13;30.08
29.47;29.82
29.62;29.75
29.75;29.57
29.73;29.65
29.46;29.86
29.56;29.68
29.86;30.3
29.83;30.2
30.24;30.37
30.2;30.91
30.31;30.96
30.74;30.88
31.07;31.27
30.96;31.21
31.2;31.24
31.2;31.12
31.08;30.67
31.05;31.01
30.89;31.06
31.07;31.32
31.01;31.76
31.11;32.21
31.45;32.17
31.95;32.7
32.13;32.36
32.39;32.27
32.25;32.34
32.11;32.5
32.07;33.17
32.26;33.32
32.78;33.19
33.25;33.01
33.2;33.13
33.0;32.18
32.96;33.81
32.41;33.36
33.22;33.07
33.42;33.34
32.89;33.66
32.95;33.15
33.4;33.09
33.38;32.35
33.34;33.02
33.05;32.87
33.28;32.62
33.32;32.7
33.05;33.25
33.01;33.44
33.39;33.67
33.57;33.64
33.63;33.43
33.72;33.11
33.72;33.27
33.47;33.19
33.46;33.62
33.29;33.72
33.57;33.46
33.92;33.51
33.61;33.55
33.53;33.56
33.48;33.8
33.46;34.36
33.54;34.14
33.79;33.94
33.92;33.83
33.83;34.05
33.57;33.94
33.56;33.96
33.42;34.24
33.4;35.3
33.59;36.18
34.36;35.9
35.04;35.72
35.15;35.77
35.07;35.67
35.04;35.47
35.28;35.55
35.06;35.58
35.02;35.67
35.08;35.39
35.14;35.47
34.87;35.98
34.78;36.16
35.22;36.09
35.5;35.71
35.7;35.73
35.53;35.18
35.26;35.19
34.91;36.11
34.76;36.66
35.35;36.67
35.72;36.86
35.89;37.07
36.24;37.29
36.39;39.26
36.63;39.22
38.03;39.31
38.48;39.15
38.59;39.02
38.31;39.57
38.22;39.57
38.53;39.44
38.74;38.62
38.73;38.15
38.16;38.41
37.5;38.89
37.69;39.6
37.94;38.93
38.6;39.2
38.5;39.9
38.58;39.43
38.93;38.95
38.88;39.12
38.79;39.04
38.82;38.45
38.8;38.87
38.65;38.25
39.0;37.68
38.56;36.76
38.0;36.91
37.13;37.33
36.77;37.87
36.98;37.52
37.5;38.25
37.67;38.81
38.13;38.91
38.66;38.5
38.75;38.88
38.56;39.25
38.72;39.02
39.08;38.8
38.96;38.6
38.61;38.42
38.46;38.27
38.33;38.07
38.15;37.81
38.03;37.93
37.79;37.69
37.47;37.76
36.84;37.14
36.86;37.59
36.85;37.3
37.08;37.44
37.1;38.07
37.12;38.27
37.59;37.97
38.11;38.33
37.93;38.55
37.87;38.95
37.8;39.02
38.08;39.18
38.44;39.0
38.7;38.59
38.71;38.65
38.43;38.99
38.35;39.02
38.4;39.76
38.52;37.59
39.1;37.65
37.73;37.59
37.24;37.06
37.12;37.13
36.72;37.5
36.7;37.47
36.97;37.58
37.2;37.27
37.1;37.21
36.82;37.24
36.6;37.11
36.62;37.59
36.72;37.69
37.08;36.58
37.17;36.27
36.42;35.66
35.85;35.67
35.48;35.63
35.33;35.52
35.2;35.65
34.84;34.86
34.78;34.74
34.3;34.94
34.22;34.76
34.38;34.42
34.58;34.44
34.33;34.62
34.1;35.11
34.2;34.69
34.66;34.24
34.49;34.03
34.2;34.47
34.0;34.33
34.13;34.72
34.19;35.35
34.34;35.96
34.85;36.19
35.45;35.83
35.53;35.98
35.22;36.14
35.32;35.51
35.31;35.45
34.99;35.82
34.91;35.84
35.2;35.56
35.21;35.09
35.1;35.8
34.62;35.64
34.9;36.89
34.86;36.81
35.57;36.73
35.84;36.68
35.72;35.78
35.85;35.67
35.27;34.97
34.79;34.81
34.49;33.47
34.27;33.89
33.38;32.01
33.38;31.85
32.38;29.91
31.73;31.42
30.44;28.56
30.86;29.08
29.51;29.96
29.25;30.47
29.62;30.26
30.03;30.21
29.97;29.47
30.18;28.84
29.65;28.99
29.2;29.07
29.01;29.44
29.02;28.98
29.28;29.34
28.96;30.02
28.84;30.41
29.11;30.84
29.67;30.22
30.04;29.39
29.78;28.76
29.06;29.54
28.65;28.93
28.81;28.11
28.82;28.33
28.12;28.48
28.28;29.24
28.17;29.83
28.82;29.8
29.27;29.44
29.5;29.26
29.1;28.32
29.08;26.76
28.56;27.01
27.53;27.44
27.31;28.21
27.49;27.6
28.02;27.75
27.87;27.31
27.91;26.26
27.81;27.04
26.93;28.53
27.1;29.0
28.2;28.7
28.69;29.88
28.66;29.53
29.42;30.57
29.16;30.38
29.75;31.21
29.98;30.23
30.48;30.73
30.12;30.43
30.32;30.64
30.25;31.84
30.06;32.03
30.96;31.25
31.55;31.74
31.19;32.85
31.44;32.79
32.09;31.58
32.18;30.42
31.41;30.85
30.76;31.72
31.05;31.47
31.67;31.83
31.65;31.95
31.82;30.6
31.71;31.36
30.98;33.23
31.3;32.7
32.42;33.0
32.61;32.17
32.68;31.83
32.44;32.26
31.75;31.08
32.2;30.8
31.41;30.24
30.95;30.34
30.27;30.85
30.2;30.79
30.5;32.46
30.5;32.59
31.63;33.15
31.95;33.45
32.11;33.35
32.54;33.59
32.69;32.52
32.83;33.1
32.11;33.18
32.13;32.9
32.16;32.37
32.14;32.4
31.92;32.52
32.16;31.99
31.69;33.3
31.44;33.39
32.07;34.02
32.38;34.71
32.9;34.63
33.57;34.29
33.8;34.72
33.38;34.52
33.87;35.27
34.11;35.77
35.11;36.37
35.52;36.74
35.89;36.6
36.1;36.49
36.0;35.63
36.22;35.66
35.62;35.35
35.3;35.43
35.0;35.92
34.89;36.31
34.99;36.19
35.64;36.14
35.96;36.14
35.96;36.42
35.84;36.23
36.11;36.14
36.16;35.9
35.79;35.81
35.43;36.21
35.35;35.82
35.47;36.83
35.41;37.25
35.76;37.73
36.4;38.0
36.8;38.23
37.0;38.16
37.4;38.47
37.2;38.3
37.71;37.98
37.58;38.24
37.73;38.44
37.52;38.27
37.94;38.0
37.51;38.19
37.58;38.03
37.55;38.34
37.61;38.6
37.77;38.66
38.24;39.03
38.41;39.0
38.83;39.31
38.95;38.67
38.99;38.44
38.45;38.69
38.05;38.89
38.4;38.98
38.41;40.52
38.49;40.03
39.41;40.02
39.43;39.76
39.34;39.99
39.07;39.81
39.15;39.84
39.13;39.86
39.04;40.19
39.1;40.86
38.91;40.65
39.6;40.06
39.69;39.6
39.29;40.31
38.93;40.36
39.35;39.86
39.26;39.52
38.88;39.66
38.49;38.77
38.43;37.74
37.84;38.09
37.26;38.81
37.3;38.53
37.95;38.35
38.1;39.29
38.12;39.12
38.76;38.74
38.82;38.99
38.77;38.68
38.74;38.83
38.25;39.31
38.39;39.92
38.57;39.91
39.09;39.69
39.14;40.32
39.37;40.09
40.09;40.33
39.9;39.52
39.97;40.34
39.33;40.79
39.28;41.45
39.58;41.69
40.14;41.95
40.37;41.59
40.77;41.44
41.06;41.5
40.95;40.81
40.72;40.33
40.32;40.87
39.98;40.87
39.79;40.7
40.04;40.91
40.03;40.97
39.98;41.87
40.02;41.61
40.71;42.08
40.89;40.88
40.84;40.89
40.17;41.28
40.25;41.92
40.59;42.01
41.26;42.57
41.42;42.17
41.81;42.7
42.0;42.56
42.63;43.44
42.83;43.35
43.25;43.36
43.28;43.74
43.03;43.94
43.09;43.64
43.26;43.7
43.36;42.99
43.29;43.55
42.86;44.07
43.16;44.03
43.83;44.65
43.81;44.85
44.2;44.73
44.39;44.29
44.22;44.23
43.9;44.19
43.78;43.6
43.83;43.52
43.34;43.65
43.0;44.37
42.99;44.06
43.3;45.43
43.5;45.43
44.42;45.1
44.62;44.73
44.24;44.17
43.83;44.34
43.36;44.47
43.25;45.77
43.33;45.98
44.2;45.85
44.51;45.24
44.51;44.95
43.97;45.09
43.95;45.82
43.97;45.71
44.39;45.86
44.31;46.48
44.45;46.0
44.97;45.71
44.74;45.9
44.35;45.75
44.13;45.93
43.79;46.26
43.84;46.46
44.09;46.45
44.8;45.7
45.03;45.72
44.46;45.27
44.31;45.63
43.95;45.69
44.27;45.69
43.99;46.07
43.74;45.5
43.97;45.54
43.65;45.72
43.68;46.76
44.08;47.75
44.83;47.63
45.75;47.43
45.57;47.47
45.38;47.6
45.36;48.43
45.59;48.2
46.03;48.01
45.91;47.78
45.76;48.52
45.56;48.48
46.03;48.56
46.44;48.72
46.43;48.37
46.53;47.82
46.21;48.41
45.74;48.13
45.89;47.94
46.16;47.54
46.18;48.31
45.61;48.45
45.98;48.77
46.42;48.18
46.67;47.42
46.47;47.15
45.56;46.35
45.06;46.58
44.44;46.76
44.51;47.17
44.67;48.14
44.71;48.26
45.3;47.78
45.49;47.68
45.2;46.73
45.31;46.63
44.89;46.27
44.36;46.11
43.96;45.22
43.89;45.83
43.49;45.9
43.59;46.33
43.45;46.47
43.7;46.11
43.77;46.07
43.65;43.33
43.54;43.69
42.05;44.15
41.62;43.43
41.88;43.7
41.7;43.66
41.83;44.11
41.88;44.6
42.14;44.82
42.32;45.35
42.51;45.14
42.51;44.74
42.48;45.3
42.27;45.78
42.58;45.72
43.07;45.38
43.4;45.39
43.3;45.66
42.91;45.86
43.07;46.03
43.14;46.09
43.13;46.25
43.18;46.4
43.68;45.91
43.97;45.5
43.68;46.07
43.17;46.95
43.6;46.68
43.8;47.61
43.76;46.74
44.65;46.63
44.4;46.6
44.22;46.3
44.35;45.95
43.83;46.54
43.8;47.77
43.96;47.87
44.83;48.79
45.0;47.65
45.42;47.45
44.95;47.47
44.51;47.48
44.57;47.28
44.74;47.29
44.91;47.76
44.76;48.17
44.98;48.99
45.43;48.93
46.03;49.29
46.08;50.43
46.15;50.43
46.98;50.83
46.99;50.82
47.48;50.47
47.95;50.28
47.68;50.37
47.49;51.03
47.54;50.39
47.83;50.75
47.61;50.97
47.79;50.82
47.8;51.1
47.56;51.18
47.66;51.37
47.97;51.38
48.17;51.3
48.36;51.98
48.29;52.1
48.91;51.04
48.86;50.64
48.32;50.71
48.03;50.1
47.96;50.39
47.92;50.93
47.91;51.03
48.22;51.72
48.12;52.16
48.43;52.8
48.71;52.69
49.02;52.65
49.17;53.65
49.29;53.9
49.63;53.39
50.0;53.6
50.06;53.98
50.1;53.83
50.25;53.12
50.02;52.64
49.74;53.23
49.15;52.64
49.14;53.08
48.86;52.54
48.94;52.94
48.77;52.79
48.99;53.1
49.3;52.99
49.49;53.71
49.52;53.52
50.11;53.83
50.01;53.94
50.37;54.98
50.57;55.28
51.59;56.19
51.93;56.6
52.46;56.6
52.62;55.04
52.59;56.79
51.55;56.72
52.36;56.08
52.63;57.55
52.09;57.97
52.71;58.51
53.21;57.9
53.69;57.96
53.65;57.84
53.42;58.89
53.24;58.74
53.97;59.09
54.03;59.71
54.14;60.57
54.27;60.82
55.08;61.76
55.36;61.69
56.22;62.32
56.45;62.82
57.18;62.93
57.52;63.07
57.51;63.26
57.38;62.14
57.39;62.24
56.7;61.81
56.68;61.54
56.17;61.29
55.76;60.98
55.33;61.22
55.37;62.34
55.6;61.94
56.26;60.43
56.58;58.97
55.56;59.64
54.51;60.15
54.35;59.0
54.82;59.02
54.41;60.62
54.15;59.67
54.91;59.64
55.1;58.88
54.69;60.11
54.41;59.64
54.99;60.28
54.59;61.03
54.44;60.14
54.79;57.94
54.38;58.64
53.43;58.37
53.6;58.49
53.49;59.09
53.48;59.57
53.96;59.03
54.07;59.76
53.57;59.14
53.74;59.46
53.37;59.66
53.36;60.49
53.78;60.71
55.01;60.68
55.18;62.24
55.35;62.61
56.36;61.63
56.64;60.79
56.07;61.1
55.54;61.53
55.54;60.91
55.48;60.2
55.34;60.25
54.62;60.43
54.52;60.34
54.56;60.74
54.73;60.4
54.82;60.0
54.57;60.43
54.31;61.1
54.74;62.17
55.19;61.72
56.05;62.68
55.97;61.61
56.44;61.46
55.96;60.51
55.95;59.76
55.26;59.81
54.46;59.79
54.22;58.31
54.17;58.12
53.41;57.8
53.18;57.85
53.6;57.15
53.69;57.62
52.95;57.7
53.04;57.35
53.02;56.73
52.34;56.84
52.31;57.1
52.28;56.86
52.53;56.96
52.51;57.13
52.79;57.3
52.97;57.39
53.14;57.57
53.04;58.73
53.17;59.77
53.4;61.22
54.61;62.34
55.71;62.58
56.57;62.61
56.93;62.73
57.19;61.43
57.27;60.77
56.65;60.53
56.1;60.13
55.54;60.25
54.65;60.99
54.56;60.94
55.13;60.28
55.11;60.6
54.74;60.65
54.83;59.85
54.62;61.04
53.87;60.38
54.09;59.83
54.23;59.44
53.96;61.3
53.83;61.89
54.54;62.47
55.3;62.11
55.7;62.02
55.62;62.09
55.32;62.77
55.17;63.2
55.29;64.5
55.72;63.68
56.23;64.55
56.09;64.74
56.37;64.5
56.82;64.43
56.58;64.01
56.81;64.12
56.72;64.51
56.86;64.32
57.49;64.36
57.12;64.5
56.73;62.77
56.62;64.11
56.03;63.88
56.35;63.35
56.47;64.47
56.56;65.45
57.36;65.44
58.04;64.97
58.47;64.61
58.36;64.72
58.17;65.38
57.89;65.62
58.1;65.19
58.6;66.54
58.19;66.16
58.58;65.94
58.81;66.29
58.3;65.34
58.18;65.41
57.63;65.65
57.72;66.8
57.98;66.47
58.61;66.9
58.82;65.92
58.76;65.89
58.12;65.88
58.02;66.73
58.26;66.87
58.54;68.33
58.73;69.05
59.56;68.51
59.93;69.35
60.04;69.89
60.48;70.62
61.22;70.36
61.66;72.14
61.55;72.3
62.37;72.18
63.07;72.03
62.7;71.75
62.51;72.24
62.42;71.18
62.65;70.88
62.27;71.34
62.24;69.34
62.17;70.45
61.2;70.29
61.43;70.23
61.39;70.01
61.18;70.22
61.58;71.27
61.85;70.78
62.33;68.82
62.29;68.37
61.18;68.97
60.22;67.5
60.4;69.29
59.95;68.71
60.38;66.23
60.23;67.24
59.13;67.91
58.72;71.51
59.12;71.61
61.16;72.92
61.99;73.62
62.7;73.73
63.25;73.72
63.66;74.98
63.75;75.31
64.18;74.64
64.65;74.94
64.47;75.83
64.03;76.4
64.68;75.91
65.21;75.78
65.18;76.16
64.68;76.47
64.44;75.2
64.9;77.33
64.51;78.24
65.15;78.87
65.96;77.8
66.53;77.57
65.92;76.7
65.85;77.01
65.32;75.64
65.01;75.77
64.49;77.02
64.37;77.59
64.73;76.2
65.5;76.47
64.93;76.04
64.77;75.22
64.4;75.28
64.06;74.4
64.01;74.27
63.84;74.75
64.09;75.77
64.35;77.19
64.67;77.29
65.84;77.31
66.65;76.11
66.7;74.88
66.09;75.3
64.69;76.15
64.25;73.35
64.69;72.88
63.85;73.45
63.2;73.49
63.43;74.71
63.18;75.7
63.96;74.86
64.84;75.19
64.59;75.25
64.65;75.32
64.82;74.03
64.66;73.61
64.27;74.42
64.26;75.08
65.18;75.29
65.51;76.0
66.24;76.86
66.72;76.68
66.96;75.98
67.03;77.22
67.14;77.55
67.26;78.0
67.56;77.68
67.8;76.58
67.19;75.85
65.91;76.08
65.29;76.7
65.55;76.74
65.72;77.78
65.48;77.93
65.84;78.85
65.65;79.25
66.15;79.11
67.01;79.52
66.65;79.5
66.45;79.75
66.16;79.38
66.83;79.72
67.29;80.23
67.33;80.07
67.51;80.89
67.81;80.2
67.66;79.79
67.44;78.36
67.8;78.36
67.15;78.83
66.49;78.7
66.95;79.09
66.99;79.27
67.04;78.38
67.67;78.32
67.24;78.24
66.91;79.4
66.74;79.92
67.86;80.72
68.41;81.14
68.76;81.83
68.95;81.8
69.34;82.18
69.28;81.94
69.55;81.25
69.33;82.54
68.8;82.2
69.48;82.23
69.51;82.1
69.7;81.53
69.82;80.77
69.44;80.47
68.72;81.21
68.66;81.14
68.17;81.58
67.92;81.42
67.99;82.14
68.11;81.6
68.29;82.47
68.67;81.57
68.75;82.53
67.89;81.27
67.75;80.8
67.22;82.56
66.48;82.09
67.25;81.94
67.1;80.92
66.75;82.19
65.95;82.8
66.43;82.53
67.3;82.9
67.13;83.85
67.43;84.49
67.87;85.14
68.97;85.26
69.7;85.02
69.69;85.53
70.4;85.63
70.77;85.53
70.86;85.19
70.71;85.52
70.68;85.39
70.42;85.06
70.03;85.93
69.37;86.06
69.48;85.3
69.89;86.06
70.17;85.7
70.61;84.79
70.27;84.72
69.76;85.14
69.41;84.86
70.05;85.25
69.75;85.43
69.78;85.48
69.91;85.49
69.84;85.63
69.77;84.5
69.53;83.57
69.1;84.65
68.49;83.34
68.57;83.98
68.13;84.06
68.49;84.25
68.79;82.79
69.18;82.13
68.69;83.7
67.86;83.81
68.48;82.44
68.99;83.38
68.62;81.11
69.01;81.64
67.65;79.41
67.33;79.62
66.06;77.68
65.94;77.35
65.12;79.33
64.13;80.93
65.05;82.84
66.15;82.43
67.59;83.27
67.72;83.85
67.62;83.7
67.82;85.1
68.1;84.73
68.39;85.38
68.27;86.48
69.04;86.79
69.69;85.5
69.88;86.12
69.34;87.06
68.68;85.17
69.15;84.96
67.91;85.15
67.64;85.08
67.5;85.63
67.38;85.93
67.68;85.56
68.13;85.44
68.0;85.0
68.32;84.13
68.13;84.19
67.24;85.72
66.81;86.73
67.47;86.99
68.71;87.55
69.16;87.73
69.31;88.45
69.44;88.11
69.63;88.23
69.53;88.73
69.43;88.77
69.9;87.95
69.57;86.71
69.4;87.93
68.75;87.68
68.77;87.12
69.43;86.42
69.31;87.58
68.59;88.75
68.5;89.02
69.09;90.28
69.11;90.75
70.13;90.49
70.59;91.07
70.41;91.52
70.33;90.76
70.76;90.27
70.66;89.85
70.33;88.53
69.99;88.06
69.23;88.96
68.92;89.88
69.16;90.33
69.07;90.53
69.58;91.23
69.83;90.31
70.21;90.42
70.03;91.22
70.17;90.8
71.12;90.25
70.99;91.19
71.43;90.78
72.1;91.02
71.75;90.06
71.98;88.81
71.38;89.34
70.37;87.17
70.25;88.1
69.37;90.18
68.8;97.06
69.41;98.37
72.67;97.77
74.45;97.49
74.42;97.68
74.39;97.63
74.26;99.27
74.65;99.83
75.39;99.78
76.01;99.54
76.15;99.56
75.69;100.2
74.95;100.62
74.99;100.31
75.43;101.17
75.33;100.21
75.74;99.75
75.33;101.48
74.98;101.92
76.22;101.17
77.2;100.66
77.44;99.5
77.37;100.88
76.82;98.8
77.04;98.61
76.26;102.71
75.66;102.01
77.23;102.9
77.79;102.51
77.91;103.47
77.45;102.9
77.39;103.92
77.16;103.71
77.49;102.65
77.35;100.63
77.21;100.86
76.6;101.09
75.97;101.7
75.56;100.52
76.56;101.05
76.36;101.59
76.27;101.23
76.16;101.04
75.83;101.93
75.32;102.32
76.4;102.5
77.81;102.08
78.62;102.22
78.19;102.53
77.7;103.6
77.89;102.25
78.23;103.71
77.56;103.2
77.77;103.45
77.45;104.46
76.34;104.97
76.43;105.57
76.49;105.34
76.95;105.24
77.0;104.19
77.53;105.92
76.81;106.41
77.57;106.2
78.35;105.15
79.21;104.71
78.8;105.53
77.85;104.08
78.21;104.69
77.2;104.64
76.51;105.35
76.85;105.71
77.05;105.74
77.62;105.96
77.58;105.61
77.86;105.79
77.38;105.67
77.89;104.88
78.34;105.77
77.6;105.93
77.01;105.77
76.77;106.34
76.56;106.14
76.42;106.54
76.43;105.71
76.24;105.71
75.6;104.74
75.53;104.0
75.46;105.42
75.54;106.01
76.63;105.37
77.41;105.59
77.47;106.44
77.38;106.85
77.95;108.51
78.47;107.93
78.42;108.8
79.05;109.65
78.93;109.03
79.37;109.68
79.66;110.2
79.57;108.34
80.05;109.39
79.33;110.98
79.73;110.82
79.27;111.53
78.86;112.88
79.0;111.04
79.33;111.43
78.46;112.24
78.02;113.79
77.98;113.6
77.97;114.03
78.57;114.78
79.52;114.57
79.38;115.27
79.91;115.01
80.68;115.03
80.76;114.52
80.59;114.62
80.55;113.99
80.22;114.19
79.89;115.52
79.59;115.7
79.47;115.67
79.13;116.75
78.58;117.3
78.81;106.54
79.05;104.64
75.32;105.41
73.33;107.0
73.49;104.11
74.56;103.13
74.33;103.64
73.83;103.3
74.11;105.12
73.62;103.08
74.16;102.61
73.88;96.41
74.08;95.28
72.36;91.92
70.62;92.43
69.34;95.65
69.95;98.49
71.97;98.78
73.99;98.21
74.62;95.92
73.92;98.22
71.86;98.31
72.0;97.33
72.87;100.26
72.37;98.23
72.86;98.9
72.52;100.71
73.07;100.08
73.66;99.7
72.7;100.21
72.76;100.44
73.09;99.13
72.9;99.68
72.18;98.79
71.54;97.91
71.72;96.99
70.71;96.68
71.8;94.94
71.61;95.83
70.21;98.51
70.68;98.97
72.14;99.29
72.78;100.1
73.83;100.03
75.19;99.66
74.93;100.84
73.33;101.75
72.83;102.51
73.39;102.75
73.94;101.92
73.83;104.0
72.52;104.34
71.82;105.52
71.93;105.88
73.37;106.12
74.08;109.17
73.58;109.01
74.7;109.43
74.04;109.67
73.84;110.22
73.99;110.89
74.38;109.64
75.0;110.89
74.6;111.37
74.78;109.17
74.82;108.92
74.19;111.5
74.33;112.22
75.37;113.19
75.81;112.32
75.61;112.02
74.9;110.7
74.6;111.74
74.04;111.94
74.55;113.88
74.44;114.43
74.69;115.74
74.55;115.11
75.4;113.7
75.75;114.39
75.65;110.98
75.54;109.38
73.86;111.23
71.91;109.89
73.2;107.85
73.4;110.12
72.7;109.73
72.7;108.42
72.58;107.45
71.52;107.45
70.52;104.81
70.86;106.08
69.86;108.81
69.88;110.39
71.23;108.66
72.28;104.5
72.14;103.4
70.8;103.55
69.47;102.41
69.18;102.7
68.28;104.04
68.22;103.88
69.21;103.16
69.51;101.94
69.23;99.9
68.8;97.88
68.31;97.36
67.61;96.53
67.35;96.28
67.1;96.93
67.74;98.43
68.74;95.54
69.79;96.15
69.98;91.09
70.4;91.16
68.37;89.77
68.1;91.21
67.0;94.0
67.09;92.44
69.02;93.39
68.44;91.5
69.4;90.74
69.19;92.96
68.03;92.31
69.08;90.34
69.02;92.3
68.53;92.58
69.15;91.09
69.6;89.37
69.12;89.56
68.16;86.19
67.99;87.61
66.25;88.43
66.08;90.13
66.89;92.65
67.41;92.33
69.28;92.17
69.77;93.49
69.82;92.53
70.34;92.58
70.16;92.79
69.31;92.46
68.25;92.67
68.3;94.73
68.32;94.1
68.76;95.87
68.67;95.54
69.14;96.42
69.0;94.9
68.74;94.74
67.94;94.14
67.78;95.01
67.03;95.86
67.52;95.3
68.25;95.5
68.12;96.62
69.29;96.24
69.39;95.52
68.87;94.66
68.42;93.94
67.53;94.31
67.14;95.16
67.31;95.23
67.65;95.95
67.79;96.34
68.15;96.11
67.46;95.73
67.16;94.1
67.03;94.57
66.21;93.29
65.75;93.54
64.78;93.39
64.7;94.44
64.91;96.51
65.48;95.68
66.3;95.64
65.96;98.45
65.38;99.57
66.75;100.18
67.17;99.83
67.81;100.67
67.99;101.45
67.85;101.76
68.94;102.13
69.61;100.92
69.74;100.17
69.42;101.24
68.8;100.68
69.49;100.57
69.24;101.79
69.3;102.39
69.66;102.19
70.22;103.41
70.54;99.23
69.79;98.67
68.11;97.52
68.36;97.36
67.99;96.95
67.71;96.04
67.74;95.47
67.27;96.8
66.76;96.22
67.54;96.54
67.42;96.88
67.32;96.83
68.13;97.29
68.26;96.25
68.6;95.58
68.7;95.77
68.71;95.8
68.63;95.83
68.43;95.41
68.69;95.11
69.11;94.92
69.53;94.43
70.23;94.65
69.9;95.46
69.93;95.33
69.86;95.44
69.98;96.04
71.06;96.59
71.35;95.87
71.28;95.84
71.68;96.06
71.99;92.86
72.59;91.56
71.79;93.18
70.8;94.08
71.19;94.9
71.68;95.1
72.32;94.74
71.65;95.51
71.34;96.16
71.49;97.35
72.29;97.7
72.36;97.91
73.21;97.6
74.29;97.69
73.59;97.52
72.78;97.86
71.73;97.2
71.46;95.98
70.93;95.77
70.03;95.48
69.07;95.17
68.81;94.48
68.06;94.13
67.75;93.72
67.13;93.76
66.97;93.36
66.8;92.84
66.66;93.9
66.86;92.99
67.21;93.64
67.45;93.56
68.06;94.46
67.71;95.63
67.58;95.54
67.87;94.63
67.67;94.88
67.69;94.67
67.48;94.66
67.33;94.44
67.61;94.19
67.35;93.68
67.12;93.78
67.0;93.63
67.24;93.37
67.64;93.04
67.26;92.7
66.72;92.69
66.51;92.3
66.49;92.11
66.55;92.26
66.83;91.66
66.37;91.57
66.48;91.94
66.13;90.31
66.57;91.5
66.72;90.58
66.99;90.15
66.43;90.39
66.56;90.45
66.12;90.51
66.1;90.83
66.61;90.28
66.67;91.28
66.24;91.14
66.25;89.86
66.18;89.63
66.02;90.09
65.93;89.7
66.54;90.74
66.54;90.38
66.93;90.48
67.09;90.34
67.04;90.71
67.4;90.38
67.49;90.38
67.31;89.76
66.91;89.32
66.68;89.04
66.5;89.22
66.77;88.76
67.65;89.09
67.22;89.83
67.5;89.93
67.83;90.91
67.84;91.24
68.58;90.63
68.83;91.36
68.44;91.87
68.8;91.71
69.2;90.57
70.05;90.28
69.53;89.81
69.15;91.24
68.71;90.34
69.06;92.27
69.1;92.22
70.31;92.48
70.43;92.79
70.91;95.45
70.71;95.68
71.13;95.47
71.74;96.86
71.45;97.1
71.94;96.0
72.14;95.4
71.72;95.48
71.14;96.02
71.52;96.56
71.52;96.71
71.28;97.39
70.92;96.86
70.67;96.68
70.46;96.25
70.51;97.68
70.02;98.36
70.52;99.66
70.91;101.8
71.35;103.26
72.08;102.47
73.45;102.26
73.49;102.46
73.35;102.79
73.33;102.32
73.73;103.69
73.2;103.85
73.37;103.94
73.43;103.81
72.8;103.54
72.46;103.56
71.97;102.7
71.99;102.96
71.39;102.62
